"final_grade","review_date","cocoa_percent","company_location","bean_type","broad_bean_origin"
3,2008,0.67,"Other","Forastero","Ghana"
3.5,2019,0.85,"U.S.A.","Trinitario","Ghana"
2.75,2007,0.45,"U.S.A.","Forastero","Bolivia"
3.5,2010,0.56,"U.K.","Trinitario, Forastero","Costa Rica"
3,2013,0.91,"Venezuela","Forastero","Other"
3,2013,0.93,"U.S.A.","Forastero","Colombia"
3,2009,0.9,"Ecuador","Trinitario","Madagascar"
3.5,2015,0.52,"France","Criollo","Ghana"
3,2015,0.83,"France","Trinitario","Other"
4,2012,0.72,"Other","Trinitario","Venezuela"
3.5,2016,0.87,"U.K.","Criollo","Colombia"
3.75,2014,0.79,"France","Forastero","Dominican Republic"
3.75,2013,0.86,"Belgium","Trinitario","Nicaragua"
3.5,2010,0.81,"U.K.","Criollo","Madagascar"
3.25,2010,0.73,"Germany","Trinitario","Colombia"
3.25,2017,0.76,"Other","Trinitario","Venezuela"
3,2018,0.48,"France","Trinitario, Forastero","Ghana"
2.75,2009,0.74,"France","Trinitario, Forastero","Belize"
3.25,2011,0.83,"Italy","Forastero","Ecuador"
3.75,2021,0.88,"France","Trinitario","Dominican Republic"
3,2008,0.73,"Madagascar","Trinitario","Other"
3.25,2012,0.7,"Australia","Criollo, Trinitario","Nicaragua"
3.25,2017,0.96,"Other","Trinitario","Belize"
2.75,2011,0.96,"Ecuador","Forastero","Dominican Republic"
3.25,2006,0.8,"Germany","Trinitario","Venezuela"
3.75,2009,0.87,"U.K.","Criollo, Trinitario","Venezuela"
3.25,2018,0.85,"Australia","Criollo, Trinitario","Ecuador"
3.5,2007,0.67,"U.S.A.","Trinitario, Forastero","Peru"
2,2011,0.47,"Colombia","Forastero","Belize"
3,2013,0.7,"France","Forastero","Ecuador"
4,2019,0.84,"France","Trinitario","Ghana"
3,2011,0.67,"France","Trinitario","Ghana"
3.25,2018,0.99,"U.S.A.","Trinitario","Other"
3.75,2014,0.72,"U.K.","Criollo","Madagascar"
2.5,2011,0.79,"Other","Forastero","Ecuador"
2.75,2013,0.45,"Peru","Criollo","Trinidad"
4,2015,0.63,"U.K.","Criollo, Trinitario","Ecuador"
3.25,2018,0.64,"Canada","Trinitario","Dominican Republic"
3.25,2010,0.68,"Belgium","Forastero","Peru"
3.5,2019,0.58,"Italy","Trinitario","Ghana"
3,2013,0.97,"U.S.A.","Trinitario, Forastero","Venezuela"
3.5,2014,0.79,"Other","Forastero","Other"
3.5,2021,0.77,"Switzerland","Criollo","Vietnam"
3.75,2012,0.87,"Other","Trinitario","Other"
3.25,2019,0.61,"Ecuador","Forastero","Ecuador"
3.75,2006,0.75,"Venezuela","Criollo, Trinitario","Papua New Guinea"
3.25,2013,0.42,"Colombia","Criollo, Trinitario","Other"
3.5,2021,0.54,"Canada","Criollo","Venezuela"
3,2012,0.47,"U.S.A.","Trinitario","Dominican Republic"
3.75,2017,0.83,"Canada","Trinitario","Madagascar"
4,2013,0.69,"U.S.A.","Trinitario","Venezuela"
3.25,2019,0.42,"Belgium","Trinitario","Venezuela"
3.5,2021,0.88,"Other","Trinitario","Peru"
3,2019,0.57,"Ecuador","Forastero","Other"
2.75,2011,0.7,"U.S.A.","Forastero","Other"
2.75,2007,0.88,"Peru","Trinitario","Ecuador"
2.5,2008,0.56,"U.S.A.","Forastero","Trinidad"
4,2013,0.62,"U.S.A.","Criollo","Dominican Republic"
2.75,2008,0.88,"U.S.A.","Forastero","Madagascar"
3,2012,0.92,"Belgium","Trinitario, Forastero","Vietnam"
3.25,2013,0.94,"U.S.A.","Trinitario","Venezuela"
3,2017,0.55,"Italy","Forastero","Ecuador"
3.5,2021,0.69,"Ecuador","Criollo, Trinitario","Venezuela"
2.75,2018,0.85,"Ecuador","Forastero","Other"
2.75,2020,0.58,"Other","Trinitario","Papua New Guinea"
3,2017,0.83,"France","Forastero","Other"
3.25,2011,0.57,"Italy","Trinitario","Venezuela"
2.5,2019,1,"U.S.A.","Blend","Peru"
3.5,2017,0.47,"U.S.A.","Criollo","Ecuador"
3.25,2021,0.84,"U.K.","Trinitario, Forastero","Costa Rica"
3.5,2017,0.5,"Other","Criollo","Venezuela"
3.25,2017,0.86,"Canada","Trinitario","Papua New Guinea"
2.75,2006,0.48,"Switzerland","Criollo","Colombia"
3.75,2012,0.79,"Belgium","Forastero","Peru"
3.5,2017,0.53,"Canada","Blend","Ecuador"
3.5,2021,0.53,"Australia","Criollo","Ecuador"
3,2020,0.96,"Italy","Forastero","Ghana"
3.25,2013,0.93,"Germany","Forastero","Bolivia"
3,2015,0.46,"Germany","Criollo","Trinidad"
3.25,2012,0.78,"France","Forastero","Other"
3.25,2013,0.87,"France","Criollo, Trinitario","Trinidad"
3.75,2011,0.61,"France","Trinitario","Madagascar"
2.5,2006,0.44,"France","","Ghana"
2.5,2017,0.98,"Italy","Forastero","Colombia"
2.75,2007,0.8,"Canada","Trinitario","Colombia"
2.75,2006,0.65,"Other","Criollo, Trinitario","Other"
3.25,2011,0.84,"Madagascar","Forastero","Dominican Republic"
3,2011,0.44,"Madagascar","Blend","Dominican Republic"
3.5,2018,0.92,"France","Trinitario","Madagascar"
2.5,2006,0.92,"U.S.A.","Forastero","Other"
2.5,2010,0.86,"U.S.A.","Criollo","Trinidad"
3,2019,0.98,"Other","Trinitario","Ecuador"
3.25,2020,0.46,"U.S.A.","Trinitario","Peru"
3,2017,0.93,"Switzerland","Criollo, Trinitario","Other"
3.25,2011,0.81,"U.S.A.","Criollo, Trinitario","Other"
3,2019,0.88,"U.S.A.","Trinitario","Peru"
3.75,2014,0.82,"U.S.A.","Trinitario","Vietnam"
4,2012,0.81,"Italy","Criollo, Trinitario","Peru"
2.75,2016,0.58,"U.S.A.","Forastero","Nicaragua"
2.5,2007,0.58,"Madagascar","Forastero","Nicaragua"
2.75,2016,0.46,"U.K.","Forastero","Other"
3,2017,0.61,"Switzerland","Trinitario","Peru"
3.25,2014,0.99,"U.S.A.","Criollo","Madagascar"
2.5,2013,0.62,"Ecuador","Trinitario","Vietnam"
3.5,2020,0.75,"Australia","Forastero","Dominican Republic"
2.75,2015,0.74,"Other","Blend","Bolivia"
3.5,2006,0.52,"France","","Madagascar"
3,2006,0.5,"Guatemala","Trinitario","Peru"
3,2008,0.91,"Ecuador","Blend","Other"
3.5,2014,0.64,"Venezuela","Blend","Belize"
3.25,2006,0.58,"Italy","Trinitario","Papua New Guinea"
2.25,2008,0.97,"Italy","Trinitario","Costa Rica"
3.25,2021,0.56,"Canada","Forastero","Dominican Republic"
3.25,2014,0.78,"Other","Forastero","Bolivia"
3.25,2017,0.98,"Guatemala","Trinitario","Dominican Republic"
2.75,2006,0.6,"Guatemala","Forastero","Madagascar"
3.25,2016,0.5,"U.S.A.","Trinitario","Ecuador"
3.5,2013,0.73,"Belgium","Forastero","Ghana"
3,2013,0.77,"U.S.A.","Criollo","Trinidad"
3.25,2017,0.85,"Peru","Criollo, Trinitario","Dominican Republic"
2.5,2016,0.47,"U.S.A.","Forastero","Colombia"
3.5,2008,0.76,"France","Trinitario","Costa Rica"
2.75,2017,0.93,"U.S.A.","Forastero","Belize"
2.75,2008,0.55,"U.S.A.","Trinitario","Trinidad"
4,2020,0.57,"Belgium","Trinitario","Bolivia"
3,2010,0.91,"Canada","Forastero","Vietnam"
3,2007,0.45,"Australia","Criollo","Ecuador"
3,2009,0.77,"Guatemala","Forastero","Peru"
3.25,2013,0.76,"Other","Criollo","Madagascar"
2.75,2019,0.58,"Peru","Forastero","Madagascar"
3,2014,0.85,"U.S.A.","Forastero","Venezuela"
3.25,2014,0.63,"U.K.","Forastero","Peru"
3,2017,0.87,"France","Forastero","Colombia"
3.25,2020,0.47,"Belgium","Trinitario","Nicaragua"
3.25,2020,0.86,"Canada","Trinitario","Other"
2.5,2010,0.98,"Belgium","Criollo","Papua New Guinea"
4,2021,0.83,"Belgium","Criollo","Other"
2.5,2006,0.65,"Other","Forastero","Trinidad"
2.25,2006,0.45,"France","Trinitario","Peru"
3,2006,0.6,"U.S.A.","Trinitario","Venezuela"
3.5,2009,0.65,"U.S.A.","Criollo","Dominican Republic"
3.25,2019,0.86,"Canada","Trinitario","Costa Rica"
2.75,2013,0.63,"Peru","Trinitario","Bolivia"
3,2006,0.49,"Guatemala","Trinitario","Venezuela"
2.75,2013,0.78,"Italy","Blend","Ghana"
3.5,2017,0.93,"France","Criollo","Vietnam"
2.75,2011,0.64,"Ecuador","Trinitario","Colombia"
2.75,2011,0.6,"Other","Forastero","Other"
2.5,2006,0.52,"Other","Forastero","Madagascar"
3,2006,0.59,"Australia","Trinitario","Madagascar"
2.75,2009,0.91,"Ecuador","Trinitario, Forastero","Ghana"
3.25,2018,0.92,"U.S.A.","Criollo","Trinidad"
3.25,2019,0.7,"France","Criollo","Other"
2.5,2011,0.44,"U.S.A.","Forastero","Papua New Guinea"
4.25,2020,0.71,"U.K.","Trinitario","Belize"
3.25,2018,0.78,"U.S.A.","Criollo","Colombia"
3.5,2019,0.67,"Canada","","Bolivia"
3.5,2016,0.57,"Switzerland","Criollo","Venezuela"
3.5,2020,0.87,"Germany","Criollo","Dominican Republic"
3,2018,0.62,"Italy","Blend","Ecuador"
2.75,2013,0.44,"Venezuela","Trinitario","Belize"
3.25,2018,0.6,"U.S.A.","Trinitario","Ecuador"
2.75,2016,0.74,"U.S.A.","Blend","Other"
3.25,2016,0.93,"Other","Forastero","Dominican Republic"
2.75,2006,0.89,"Other","Trinitario","Papua New Guinea"
3.25,2007,0.84,"Germany","Criollo, Trinitario","Ghana"
4,2017,0.76,"Venezuela","Trinitario","Madagascar"
3.25,2016,0.68,"France","Forastero","Peru"
3.5,2015,0.87,"France","Criollo","Papua New Guinea"
2.25,2018,0.43,"Other","Trinitario","Papua New Guinea"
3.25,2008,0.99,"U.S.A.","Forastero","Madagascar"
3.75,2021,0.58,"U.S.A.","Forastero","Ecuador"
3.25,2019,0.56,"U.S.A.","Trinitario, Forastero","Peru"
2.5,2012,0.91,"Australia","Forastero","Papua New Guinea"
3,2013,0.58,"U.S.A.","Forastero","Vietnam"
3,2014,0.81,"Guatemala","Criollo","Other"
3.5,2017,0.95,"Canada","Criollo, Trinitario","Venezuela"
3,2016,0.81,"Other","Forastero","Venezuela"
3.5,2019,0.82,"Ecuador","Trinitario","Peru"
2.75,2020,0.92,"Ecuador","Forastero","Peru"
3,2012,0.96,"Australia","Criollo","Other"
3.25,2008,0.48,"U.K.","Trinitario","Venezuela"
3.5,2013,1,"U.K.","Trinitario","Colombia"
3,2017,0.46,"Madagascar","Criollo","Costa Rica"
3.5,2019,0.84,"Other","Criollo, Trinitario","Peru"
3.5,2020,0.82,"Other","Blend","Peru"
3.75,2021,0.67,"Canada","Trinitario","Ghana"
3.75,2016,0.47,"Other","Criollo, Trinitario","Madagascar"
3.5,2021,0.93,"U.S.A.","Criollo","Peru"
3,2019,0.47,"Other","Criollo","Papua New Guinea"
3.25,2020,0.87,"Colombia","Trinitario","Other"
3,2008,0.97,"U.S.A.","Trinitario","Other"
3.75,2018,0.54,"Canada","Criollo","Other"
2.75,2010,0.46,"U.S.A.","Trinitario","Dominican Republic"
3.5,2011,0.84,"Belgium","Criollo, Trinitario","Belize"
3.75,2017,0.74,"France","Criollo","Trinidad"
2.5,2017,0.94,"Ecuador","Criollo","Dominican Republic"
3.25,2013,0.53,"U.K.","Trinitario","Ghana"
3.25,2017,0.82,"U.S.A.","Criollo","Bolivia"
4,2020,0.8,"France","Trinitario","Peru"
3,2016,0.44,"France","Trinitario","Bolivia"
2.75,2009,0.53,"Italy","Forastero","Madagascar"
3.25,2007,0.48,"U.S.A.","Trinitario, Forastero","Ghana"
2.75,2019,0.44,"Canada","Forastero","Vietnam"
2.75,2016,0.85,"U.S.A.","Forastero","Trinidad"
3.5,2019,0.65,"Other","Criollo, Trinitario","Ghana"
3.25,2018,0.68,"U.K.","Criollo, Trinitario","Ghana"
4,2019,0.83,"Australia","Trinitario","Madagascar"
3.25,2018,0.92,"U.K.","Trinitario, Forastero","Papua New Guinea"
3.5,2018,0.62,"Ecuador","Criollo","Costa Rica"
3.5,2009,0.72,"U.K.","Trinitario","Peru"
3.5,2010,0.52,"France","Trinitario","Other"
3.5,2019,0.78,"Venezuela","Trinitario","Venezuela"
3.75,2013,0.81,"U.K.","Forastero","Venezuela"
3,2019,0.72,"U.K.","Criollo","Costa Rica"
3.5,2021,0.97,"Australia","Trinitario","Peru"
3.5,2016,0.88,"U.S.A.","Trinitario","Venezuela"
3.25,2015,0.65,"Belgium","Trinitario","Other"
2.75,2014,0.92,"Australia","","Ghana"
3,2016,0.78,"Colombia","Trinitario, Forastero","Bolivia"
2.75,2011,0.86,"Australia","Trinitario","Papua New Guinea"
2.75,2019,0.62,"Canada","Forastero","Costa Rica"
3.25,2016,0.88,"U.K.","Criollo","Other"
3,2016,0.46,"France","Trinitario","Vietnam"
3,2008,0.67,"U.S.A.","Criollo","Papua New Guinea"
3,2012,0.64,"Colombia","Trinitario, Forastero","Dominican Republic"
3.25,2007,0.74,"U.S.A.","Trinitario","Other"
3,2018,0.88,"Other","Trinitario","Belize"
3.25,2012,0.87,"France","Forastero","Colombia"
3.25,2009,0.94,"France","Criollo, Trinitario","Bolivia"
2.5,2014,0.54,"Ecuador","Blend","Vietnam"
3.5,2017,0.87,"U.S.A.","Trinitario","Ecuador"
3,2013,0.93,"Italy","Trinitario","Madagascar"
3.5,2020,0.93,"Other","Criollo","Venezuela"
3,2013,0.63,"U.S.A.","Forastero","Bolivia"
2.5,2010,0.51,"Other","Forastero","Peru"
3,2014,0.48,"Peru","Forastero","Venezuela"
2.75,2014,0.88,"Venezuela","Trinitario","Dominican Republic"
3,2011,0.78,"U.S.A.","Trinitario, Forastero","Venezuela"
3.5,2017,0.64,"Belgium","Criollo","Colombia"
3.25,2016,0.46,"Switzerland","Trinitario","Venezuela"
2.5,2013,0.78,"Madagascar","Forastero","Other"
3.25,2015,0.8,"Italy","Blend","Madagascar"
3.5,2019,0.63,"Switzerland","Criollo","Nicaragua"
3,2014,0.56,"U.K.","Trinitario","Ecuador"
2.5,2010,0.63,"Ecuador","Forastero","Nicaragua"
3.25,2009,0.88,"Canada","Trinitario","Venezuela"
4.25,2020,0.66,"U.K.","Criollo, Trinitario","Ecuador"
4,2006,0.89,"U.S.A.","Criollo","Ecuador"
3.25,2011,0.7,"Canada","Criollo, Trinitario","Ecuador"
3.75,2015,0.64,"U.S.A.","Criollo","Other"
3.25,2020,0.61,"Ecuador","Criollo, Trinitario","Other"
3,2014,0.49,"U.S.A.","Forastero","Other"
2.75,2009,0.47,"U.K.","Trinitario","Ghana"
3,2006,0.51,"Other","Criollo","Bolivia"
3.5,2018,0.93,"France","Trinitario","Other"
3.75,2009,0.6,"U.S.A.","Forastero","Peru"
3,2006,0.61,"U.S.A.","Trinitario","Belize"
3.25,2017,0.9,"Guatemala","Trinitario","Ghana"
4,2020,0.93,"France","Trinitario","Bolivia"
3.75,2019,0.45,"Other","Trinitario","Trinidad"
3,2011,0.49,"Canada","Trinitario, Forastero","Ecuador"
4,2018,0.78,"Italy","Trinitario","Venezuela"
3.25,2012,0.98,"Peru","Trinitario","Ecuador"
3.75,2018,0.7,"Canada","Trinitario, Forastero","Ecuador"
3.25,2017,0.77,"Canada","Criollo","Madagascar"
3,2015,0.83,"U.S.A.","Forastero","Colombia"
3.5,2012,0.91,"Ecuador","Criollo, Trinitario","Madagascar"
3.5,2009,0.54,"U.S.A.","Criollo","Dominican Republic"
3.5,2010,0.74,"France","Forastero","Ecuador"
2.75,2012,0.46,"U.S.A.","","Trinidad"
3.5,2010,0.77,"U.K.","Trinitario","Dominican Republic"
3.5,2021,0.69,"U.S.A.","Forastero","Other"
3,2018,0.57,"U.S.A.","Forastero","Papua New Guinea"
3,2021,0.89,"Ecuador","Forastero","Belize"
4,2019,0.7,"U.S.A.","Forastero","Venezuela"
3.5,2012,0.63,"Canada","Trinitario","Peru"
3.5,2018,0.71,"Other","Forastero","Other"
3.25,2016,0.87,"Belgium","Trinitario","Trinidad"
3,2017,0.85,"Other","Forastero","Ecuador"
3.25,2006,0.83,"Italy","Trinitario, Forastero","Ecuador"
3.75,2015,0.78,"Belgium","Criollo","Other"
3.5,2010,1,"U.K.","Trinitario","Venezuela"
2.75,2010,0.63,"Peru","Forastero","Other"
3,2016,0.6,"Other","Trinitario","Other"
3,2014,0.47,"U.S.A.","Trinitario","Bolivia"
2.75,2008,0.62,"Madagascar","Trinitario","Bolivia"
3.5,2017,0.47,"France","Forastero","Dominican Republic"
3.5,2011,0.7,"Italy","Forastero","Colombia"
3.5,2015,0.74,"Canada","","Colombia"
2.75,2006,0.62,"Canada","Forastero","Venezuela"
3,2015,0.69,"Canada","Criollo, Trinitario","Other"
3,2017,0.54,"U.S.A.","Forastero","Nicaragua"
3.5,2014,0.94,"U.S.A.","Trinitario","Costa Rica"
3.5,2011,0.52,"Belgium","Trinitario","Peru"
2.5,2014,0.55,"U.S.A.","Forastero","Belize"
3,2021,0.94,"Switzerland","Trinitario","Ghana"
3,2014,1,"U.S.A.","Trinitario","Venezuela"
3.5,2008,0.64,"France","Forastero","Peru"
2.5,2014,0.68,"U.S.A.","Forastero","Peru"
2.75,2008,0.93,"Guatemala","Criollo","Madagascar"
3.5,2016,0.82,"Other","Trinitario","Madagascar"
3.5,2013,0.56,"Ecuador","Trinitario","Madagascar"
3,2009,0.64,"U.K.","Trinitario","Vietnam"
2.75,2008,0.64,"U.S.A.","Blend","Dominican Republic"
3,2007,0.95,"Belgium","","Venezuela"
3.5,2010,0.74,"U.S.A.","Forastero","Papua New Guinea"
3.5,2015,0.5,"France","Trinitario","Ecuador"
3.25,2018,0.58,"U.S.A.","Blend","Belize"
4,2019,0.66,"Canada","Criollo","Venezuela"
3.5,2015,0.82,"Ecuador","Criollo","Venezuela"
3.25,2012,1,"Canada","Forastero","Venezuela"
3,2008,0.79,"U.S.A.","Criollo","Vietnam"
3.5,2016,0.76,"Venezuela","Trinitario","Ghana"
3,2019,0.71,"Other","Trinitario","Other"
3,2006,0.64,"U.S.A.","Forastero","Nicaragua"
2.5,2011,0.97,"Madagascar","Forastero","Ecuador"
3.5,2011,0.66,"France","Criollo, Trinitario","Costa Rica"
3.25,2006,0.6,"France","Criollo","Venezuela"
3.25,2018,0.54,"Ecuador","Trinitario","Other"
2.5,2013,0.74,"Canada","Forastero","Nicaragua"
3,2013,0.76,"Switzerland","Trinitario, Forastero","Ghana"
3,2020,0.82,"U.K.","Trinitario, Forastero","Other"
3.25,2021,0.61,"U.S.A.","Criollo","Costa Rica"
2.5,2010,0.55,"Other","Forastero","Bolivia"
4.25,2020,0.77,"Madagascar","","Venezuela"
3.75,2010,0.81,"Venezuela","Criollo","Bolivia"
3.25,2020,0.59,"Belgium","Criollo","Ghana"
3.25,2015,0.95,"U.S.A.","","Ghana"
2.75,2014,0.97,"U.S.A.","Criollo","Nicaragua"
3.25,2010,0.67,"Other","Blend","Colombia"
3.25,2008,0.82,"Italy","Blend","Belize"
2.75,2015,0.72,"Other","Blend","Other"
3,2021,0.77,"Ecuador","Trinitario","Papua New Guinea"
3,2007,0.66,"Peru","Trinitario","Peru"
3,2010,0.47,"Other","Blend","Venezuela"
3.25,2016,0.57,"Other","Trinitario","Bolivia"
3,2019,0.48,"France","Criollo","Bolivia"
3.75,2011,0.72,"U.S.A.","Trinitario","Madagascar"
3.5,2011,0.45,"Switzerland","Criollo","Trinidad"
3.25,2013,1,"Ecuador","Criollo","Other"
2.75,2015,0.91,"Ecuador","Forastero","Peru"
3.25,2020,0.84,"U.S.A.","Trinitario, Forastero","Belize"
4,2016,0.63,"France","Criollo, Trinitario","Ecuador"
3,2007,0.98,"France","Trinitario","Nicaragua"
3,2007,0.6,"France","Trinitario","Madagascar"
4.25,2018,0.78,"France","Criollo, Trinitario","Venezuela"
2.75,2013,0.84,"France","Forastero","Trinidad"
3.5,2013,0.75,"Switzerland","Forastero","Venezuela"
3.75,2008,0.76,"U.S.A.","Criollo, Trinitario","Venezuela"
3.25,2016,0.84,"Belgium","Trinitario","Dominican Republic"
3.75,2007,0.75,"Australia","Criollo, Trinitario","Venezuela"
3,2018,0.99,"Ecuador","Trinitario","Venezuela"
3.25,2010,0.8,"U.S.A.","Criollo","Costa Rica"
2.5,2008,0.47,"Australia","Forastero","Peru"
2.75,2016,0.51,"Ecuador","Forastero","Ecuador"
3.75,2018,0.64,"Other","Trinitario","Venezuela"
3.5,2006,0.75,"Ecuador","Criollo","Vietnam"
3.25,2013,0.99,"France","Blend","Other"
3.75,2015,0.74,"U.K.","Trinitario","Trinidad"
3,2007,0.8,"Other","Trinitario","Costa Rica"
2.75,2014,0.51,"Belgium","Blend","Venezuela"
3.75,2018,0.65,"Venezuela","Criollo","Trinidad"
3.75,2020,0.82,"U.S.A.","Forastero","Madagascar"
3.75,2021,0.79,"Canada","Trinitario","Peru"
3.25,2017,0.61,"Germany","Criollo","Peru"
3.25,2006,0.62,"U.S.A.","Trinitario","Dominican Republic"
3.5,2020,0.58,"Other","Trinitario","Ecuador"
3.5,2021,0.6,"Venezuela","Trinitario","Madagascar"
2.25,2018,0.97,"U.S.A.","Trinitario","Costa Rica"
3,2014,0.91,"Canada","Criollo","Dominican Republic"
3.25,2019,0.93,"U.K.","Forastero","Peru"
3,2012,0.52,"U.S.A.","Trinitario","Colombia"
2.25,2008,0.49,"Guatemala","Trinitario","Other"
4,2017,0.71,"Italy","Forastero","Dominican Republic"
3.75,2016,0.79,"France","Trinitario","Other"
3.5,2019,0.54,"France","Trinitario","Madagascar"
3.25,2008,0.73,"Italy","Criollo","Nicaragua"
2.75,2007,0.91,"Venezuela","","Venezuela"
3.25,2013,0.87,"U.S.A.","Trinitario","Bolivia"
3.5,2016,0.53,"Switzerland","Criollo","Other"
3,2010,0.89,"Madagascar","Criollo, Trinitario","Venezuela"
4,2018,0.72,"U.K.","Forastero","Ecuador"
3.25,2008,0.66,"Venezuela","Forastero","Colombia"
3.25,2015,0.8,"Australia","Criollo, Trinitario","Peru"
2.75,2006,0.91,"U.S.A.","Forastero","Other"
3.5,2011,0.82,"U.S.A.","Trinitario","Belize"
2.5,2006,0.98,"U.S.A.","Forastero","Vietnam"
3,2012,0.98,"Guatemala","Trinitario","Peru"
3,2015,0.53,"Switzerland","Trinitario","Other"
2.25,2018,0.91,"Canada","Forastero","Nicaragua"
2.75,2007,0.97,"U.S.A.","","Ghana"
3,2009,0.98,"U.S.A.","Criollo","Ecuador"
3.75,2009,0.71,"Madagascar","Criollo","Belize"
3,2006,0.84,"U.S.A.","Criollo","Colombia"
3.25,2016,0.82,"Canada","Trinitario","Peru"
3.25,2019,0.96,"Ecuador","Trinitario","Papua New Guinea"
3.75,2020,0.64,"Italy","Trinitario","Madagascar"
3,2012,0.81,"Germany","Trinitario, Forastero","Madagascar"
3.75,2014,0.59,"U.K.","Forastero","Peru"
2.75,2007,0.48,"Madagascar","Forastero","Bolivia"
3.25,2018,0.7,"U.S.A.","Criollo","Venezuela"
2.75,2007,0.45,"U.S.A.","Trinitario, Forastero","Ghana"
2.5,2014,0.93,"Germany","Forastero","Trinidad"
3.5,2013,0.88,"Other","Trinitario","Dominican Republic"
3.75,2020,0.69,"Other","Trinitario","Madagascar"
3.25,2017,0.69,"Canada","Trinitario","Other"
3.25,2018,0.79,"U.S.A.","Blend","Venezuela"
3.75,2010,0.63,"U.S.A.","Criollo","Ecuador"
2.75,2010,0.99,"France","Criollo","Trinidad"
4,2021,0.6,"Ecuador","Criollo","Ghana"
3.25,2018,0.49,"Madagascar","Trinitario","Peru"
4,2013,0.73,"France","Trinitario","Ecuador"
3.5,2018,0.79,"Canada","Trinitario, Forastero","Vietnam"
2.75,2012,0.98,"Switzerland","Forastero","Ghana"
2.5,2010,0.53,"Canada","Trinitario","Papua New Guinea"
3.5,2014,0.58,"U.S.A.","Trinitario","Ecuador"
4.5,2020,0.66,"France","Trinitario","Madagascar"
3.25,2017,0.88,"Venezuela","Trinitario","Venezuela"
3.75,2019,0.8,"U.K.","Trinitario","Nicaragua"
3.5,2012,0.78,"Canada","Criollo, Trinitario","Ghana"
3.75,2020,0.75,"Other","Trinitario","Ecuador"
3.25,2008,0.47,"Canada","Criollo","Ghana"
3.25,2021,0.6,"U.S.A.","Forastero","Ghana"
2.5,2019,0.46,"Venezuela","","Costa Rica"
3,2015,0.52,"Other","Forastero","Ecuador"
3.75,2013,0.71,"U.K.","Criollo","Ghana"
2.75,2011,0.64,"Madagascar","Forastero","Ghana"
3.25,2015,0.5,"Switzerland","Trinitario","Ghana"
3,2007,0.63,"Australia","Trinitario","Other"
2.75,2015,0.99,"Australia","Criollo","Ecuador"
2.75,2012,0.98,"Peru","Forastero","Papua New Guinea"
3.75,2010,0.81,"France","Criollo, Trinitario","Ghana"
3,2013,0.44,"Canada","Trinitario","Other"
2.5,2006,0.58,"U.S.A.","Forastero","Bolivia"
3,2011,0.73,"Other","Forastero","Other"
3.25,2021,0.47,"France","Trinitario, Forastero","Ghana"
3.25,2011,0.96,"U.K.","Trinitario","Peru"
3.5,2021,0.78,"Belgium","Trinitario","Venezuela"
3,2019,0.83,"U.K.","Criollo","Bolivia"
3.25,2007,0.91,"Canada","Forastero","Ecuador"
3.5,2009,0.81,"Madagascar","Forastero","Bolivia"
3.75,2016,0.96,"U.K.","Criollo, Trinitario","Madagascar"
3,2015,0.75,"Italy","Forastero","Dominican Republic"
2.75,2008,0.7,"France","","Other"
3.25,2018,0.64,"Other","Trinitario","Peru"
2.75,2011,0.98,"Madagascar","Forastero","Other"
2.75,2015,0.91,"Australia","Criollo, Trinitario","Other"
3,2012,0.53,"Canada","Criollo","Peru"
2.75,2008,0.86,"Colombia","Criollo","Trinidad"
3.25,2006,0.88,"U.S.A.","Criollo","Venezuela"
3.75,2021,0.55,"U.S.A.","Trinitario, Forastero","Other"
3.5,2020,0.74,"Madagascar","Trinitario","Other"
3.25,2006,0.45,"U.S.A.","Criollo, Trinitario","Ecuador"
3.25,2018,0.64,"U.S.A.","Forastero","Peru"
3.5,2020,0.77,"Canada","Criollo, Trinitario","Other"
3.25,2010,0.92,"Switzerland","Trinitario","Venezuela"
1.75,2012,0.98,"Canada","Trinitario","Other"
3,2018,0.99,"U.S.A.","Trinitario","Peru"
3.25,2009,0.51,"Ecuador","Criollo","Colombia"
4,2021,0.7,"Other","Trinitario","Venezuela"
2.75,2011,0.54,"Madagascar","Trinitario","Venezuela"
3.25,2016,0.84,"Germany","Trinitario","Nicaragua"
3.75,2018,0.98,"Canada","Trinitario, Forastero","Peru"
2.75,2019,0.73,"U.S.A.","Trinitario, Forastero","Other"
3,2009,0.83,"U.S.A.","Forastero","Venezuela"
2.75,2017,0.58,"U.S.A.","Forastero","Peru"
3.5,2010,0.96,"Australia","Criollo","Venezuela"
2.75,2015,0.48,"Other","Criollo","Peru"
3.25,2006,0.52,"U.S.A.","Criollo","Ghana"
3.25,2014,0.47,"U.S.A.","Forastero","Bolivia"
2.75,2007,0.46,"U.S.A.","Criollo, Trinitario","Nicaragua"
3.25,2010,0.78,"U.K.","Trinitario","Other"
3.25,2016,0.49,"Belgium","Forastero","Other"
3.25,2016,0.99,"Italy","Trinitario","Colombia"
3.25,2013,0.85,"France","Forastero","Papua New Guinea"
3.5,2013,0.72,"Guatemala","Criollo","Other"
2.75,2009,0.85,"Peru","Criollo","Ghana"
2.75,2007,0.95,"U.S.A.","Criollo, Trinitario","Papua New Guinea"
3.25,2010,0.93,"Other","Trinitario","Ecuador"
2.5,2013,0.43,"Venezuela","Forastero","Venezuela"
2.75,2007,0.83,"U.K.","Trinitario, Forastero","Trinidad"
4,2011,0.84,"U.K.","Criollo","Ecuador"
3.25,2018,0.96,"Germany","Trinitario","Ghana"
3,2013,0.59,"U.S.A.","Criollo, Trinitario","Bolivia"
3.25,2013,0.45,"Other","Criollo, Trinitario","Ecuador"
3.5,2021,0.46,"U.S.A.","Forastero","Peru"
3,2010,0.84,"Belgium","Criollo, Trinitario","Other"
3,2018,0.8,"Other","Forastero","Madagascar"
3.25,2021,0.46,"Australia","Trinitario","Other"
3.5,2019,0.55,"U.K.","Trinitario, Forastero","Madagascar"
3,2009,0.66,"Other","Criollo","Ecuador"
3.25,2010,0.8,"Venezuela","Trinitario","Venezuela"
2.75,2016,0.56,"U.K.","Blend","Other"
3,2009,0.77,"Ecuador","Trinitario, Forastero","Ecuador"
3.5,2012,0.95,"U.S.A.","Trinitario","Belize"
2.5,2007,0.43,"Other","Forastero","Other"
3,2018,0.84,"U.S.A.","Trinitario","Nicaragua"
3.5,2014,0.62,"U.S.A.","Trinitario","Costa Rica"
3,2015,0.58,"France","Trinitario","Venezuela"
3.25,2010,0.46,"Colombia","Trinitario","Ecuador"
3.25,2011,0.88,"Canada","Criollo","Trinidad"
3.75,2017,0.44,"France","Trinitario","Madagascar"
3.25,2014,0.55,"Ecuador","Trinitario","Ecuador"
2.25,2021,0.79,"U.S.A.","Trinitario, Forastero","Papua New Guinea"
3.25,2019,0.83,"U.K.","Trinitario","Vietnam"
3,2013,0.66,"Australia","Forastero","Bolivia"
3.25,2020,0.72,"Italy","Trinitario","Peru"
3.5,2021,0.51,"Other","Criollo","Belize"
3.5,2009,0.66,"Switzerland","Forastero","Other"
3,2018,0.84,"Other","Forastero","Dominican Republic"
3.5,2015,0.59,"Switzerland","Criollo","Ecuador"
3.5,2009,0.56,"Other","Trinitario","Madagascar"
2.75,2008,0.48,"Peru","Forastero","Nicaragua"
3.75,2010,0.68,"U.S.A.","Criollo, Trinitario","Ecuador"
2.25,2021,0.98,"U.S.A.","Forastero","Bolivia"
2.5,2008,0.71,"Canada","Forastero","Costa Rica"
2.75,2006,0.78,"U.S.A.","Forastero","Venezuela"
2.75,2009,0.51,"Canada","Trinitario, Forastero","Trinidad"
3,2013,0.88,"Canada","Criollo","Other"
3.25,2008,0.74,"U.S.A.","Criollo, Trinitario","Other"
2.5,2010,0.99,"Belgium","Blend","Other"
3.5,2008,0.72,"U.S.A.","Trinitario","Ecuador"
3.75,2008,0.73,"Other","Trinitario, Forastero","Madagascar"
3.25,2009,0.8,"Ecuador","Trinitario","Dominican Republic"
3.75,2021,0.65,"Guatemala","Trinitario","Madagascar"
3.5,2014,0.6,"U.K.","Trinitario","Madagascar"
3.5,2016,0.67,"Ecuador","Criollo","Ecuador"
2.75,2020,0.92,"Canada","Trinitario","Trinidad"
3.25,2020,0.99,"U.K.","Criollo","Nicaragua"
3.75,2015,0.72,"France","Trinitario","Peru"
3.5,2014,0.73,"Australia","Trinitario","Dominican Republic"
3,2018,0.6,"France","Blend","Dominican Republic"
3,2015,0.45,"Australia","Criollo, Trinitario","Peru"
3.25,2010,0.93,"Madagascar","Criollo, Trinitario","Dominican Republic"
4.25,2019,0.74,"Other","Criollo","Venezuela"
2.75,2016,0.57,"Belgium","Trinitario","Trinidad"
3.5,2010,0.73,"Other","Criollo","Ghana"
3.5,2007,0.67,"Other","Forastero","Madagascar"
3.75,2015,0.78,"Switzerland","Criollo","Colombia"
2.75,2018,0.97,"Guatemala","Trinitario, Forastero","Other"
3.25,2009,0.54,"Other","Criollo, Trinitario","Ecuador"
3.25,2006,0.89,"France","Trinitario","Dominican Republic"
3.25,2020,0.97,"Other","Trinitario","Other"
3.25,2009,0.9,"Other","Trinitario","Ghana"
3.25,2013,0.77,"Colombia","Trinitario","Ecuador"
3.5,2015,0.78,"Canada","Criollo, Trinitario","Peru"
3.75,2008,0.81,"Guatemala","Trinitario","Colombia"
3,2009,0.91,"Australia","Trinitario","Ghana"
3.25,2009,0.56,"U.S.A.","Criollo","Papua New Guinea"
3,2016,0.84,"Canada","Blend","Colombia"
3.75,2009,0.42,"Canada","Criollo","Other"
3.5,2016,0.96,"Colombia","Trinitario","Colombia"
3.25,2018,0.99,"Australia","Trinitario, Forastero","Ecuador"
2.25,2017,1,"Other","Forastero","Colombia"
3.5,2020,0.78,"U.S.A.","Trinitario","Peru"
2.5,2016,0.51,"U.S.A.","Trinitario","Trinidad"
2.75,2008,0.75,"U.S.A.","Trinitario","Dominican Republic"
2.75,2021,0.84,"Guatemala","Criollo","Other"
3.25,2006,0.5,"France","Criollo","Ghana"
3.25,2015,0.94,"Guatemala","Criollo","Madagascar"
3,2009,0.44,"U.S.A.","Criollo","Ghana"
3.5,2021,0.62,"U.S.A.","Forastero","Ecuador"
3,2007,0.44,"U.S.A.","Trinitario","Venezuela"
3.25,2015,0.7,"France","Criollo, Trinitario","Colombia"
3.5,2020,0.5,"U.S.A.","Trinitario, Forastero","Papua New Guinea"
3.5,2016,0.73,"Ecuador","Blend","Madagascar"
3.5,2011,0.67,"Madagascar","Criollo","Ghana"
2.5,2009,0.47,"Germany","Forastero","Papua New Guinea"
4,2008,0.7,"Belgium","Criollo, Trinitario","Belize"
3.5,2021,0.78,"U.S.A.","Forastero","Peru"
3,2019,0.71,"Other","Forastero","Nicaragua"
2.5,2014,0.97,"Canada","Forastero","Belize"
3.5,2010,0.87,"Ecuador","Criollo, Trinitario","Papua New Guinea"
2.5,2008,0.89,"Italy","Trinitario","Ghana"
4,2020,0.92,"France","Trinitario","Dominican Republic"
4,2021,0.74,"Ecuador","Trinitario","Peru"
2.5,2020,0.93,"U.K.","Forastero","Trinidad"
2.75,2008,0.57,"Other","Forastero","Peru"
3,2021,0.44,"U.S.A.","Criollo","Costa Rica"
3,2020,0.5,"Colombia","Criollo","Costa Rica"
3,2011,0.52,"France","Forastero","Colombia"
3.5,2020,0.88,"Guatemala","Criollo","Vietnam"
2.5,2015,0.47,"U.S.A.","Forastero","Ecuador"
3.75,2021,0.62,"Switzerland","Trinitario, Forastero","Colombia"
4.25,2020,0.74,"Switzerland","Trinitario","Madagascar"
3,2018,0.55,"Other","Forastero","Other"
3.25,2011,0.6,"Italy","Forastero","Ghana"
3,2016,0.83,"Canada","Forastero","Colombia"
3,2014,0.66,"U.S.A.","Forastero","Peru"
3.75,2014,0.67,"Other","Trinitario, Forastero","Ecuador"
3.5,2017,0.86,"France","Trinitario","Colombia"
2.75,2016,0.51,"Other","Forastero","Bolivia"
3.25,2013,0.86,"U.S.A.","Criollo","Nicaragua"
3,2014,0.87,"U.S.A.","Criollo","Dominican Republic"
3.25,2006,0.85,"U.S.A.","Criollo","Madagascar"
3,2014,0.6,"Belgium","Trinitario","Colombia"
2.75,2006,0.6,"Other","Forastero","Ecuador"
2.75,2015,0.46,"U.K.","Trinitario","Bolivia"
3.25,2014,0.93,"Italy","Trinitario","Vietnam"
3.25,2016,0.89,"Colombia","Trinitario, Forastero","Trinidad"
3.25,2015,0.44,"Belgium","Trinitario","Bolivia"
4.25,2021,0.8,"France","Criollo, Trinitario","Ecuador"
3.25,2014,0.85,"Madagascar","Trinitario","Colombia"
3.5,2010,0.77,"Venezuela","Criollo","Ecuador"
3.25,2010,0.69,"Ecuador","Forastero","Venezuela"
3,2011,0.52,"U.K.","Trinitario","Venezuela"
3.5,2020,0.67,"Belgium","Trinitario","Other"
3,2016,0.49,"U.S.A.","Forastero","Dominican Republic"
2.75,2019,0.51,"Madagascar","Forastero","Peru"
3.75,2008,0.73,"U.S.A.","Trinitario","Peru"
3.5,2011,0.59,"France","Criollo","Venezuela"
2.25,2011,0.49,"France","Forastero","Belize"
3,2007,0.53,"U.K.","Trinitario","Trinidad"
3.25,2009,0.57,"Germany","Trinitario","Peru"
3.25,2019,0.61,"Switzerland","","Other"
3.25,2010,0.79,"U.S.A.","Criollo","Dominican Republic"
2.5,2015,0.45,"Other","Forastero","Vietnam"
4,2021,0.7,"Australia","Trinitario","Other"
3.5,2021,0.72,"France","Trinitario","Trinidad"
3.5,2014,0.85,"Guatemala","Criollo, Trinitario","Papua New Guinea"
3.5,2019,0.62,"Canada","Trinitario","Peru"
3.75,2021,0.88,"Peru","Trinitario, Forastero","Ghana"
3,2015,0.44,"Other","Criollo","Other"
3.5,2010,0.69,"U.S.A.","Criollo","Costa Rica"
2.75,2012,0.53,"U.S.A.","Forastero","Bolivia"
2.75,2018,0.44,"U.S.A.","Criollo","Nicaragua"
3.75,2021,0.43,"U.S.A.","Criollo","Dominican Republic"
3,2013,0.86,"Peru","Criollo","Other"
2.5,2009,0.45,"Canada","Blend","Colombia"
3.25,2015,1,"U.K.","Criollo","Other"
3,2006,0.73,"U.S.A.","Trinitario","Venezuela"
2.75,2021,0.99,"U.S.A.","Forastero","Other"
2.75,2020,0.48,"Guatemala","Trinitario","Belize"
3.5,2021,0.85,"Italy","Blend","Madagascar"
3.75,2016,0.8,"Other","Criollo","Madagascar"
3,2016,0.68,"Peru","Forastero","Madagascar"
2.5,2007,0.94,"U.S.A.","Trinitario","Other"
3,2015,0.79,"Ecuador","Blend","Ecuador"
3.5,2007,0.48,"Canada","Criollo, Trinitario","Bolivia"
2.75,2014,0.54,"France","Forastero","Venezuela"
2.5,2006,0.58,"U.S.A.","Trinitario","Peru"
4,2021,0.64,"U.S.A.","Criollo, Trinitario","Ecuador"
3,2007,0.44,"Germany","Criollo, Trinitario","Dominican Republic"
4.25,2016,0.77,"U.S.A.","Criollo","Ecuador"
4.25,2021,0.64,"Other","Criollo","Ghana"
2.75,2018,0.96,"U.S.A.","Forastero","Nicaragua"
3,2007,0.62,"Canada","Criollo","Papua New Guinea"
3.5,2019,0.65,"U.S.A.","Trinitario","Bolivia"
3.25,2011,0.46,"U.S.A.","Forastero","Venezuela"
3.25,2019,0.53,"Peru","Criollo","Belize"
2.5,2009,0.86,"U.S.A.","Forastero","Ecuador"
3,2013,0.63,"France","Criollo","Other"
3,2007,0.91,"U.S.A.","Forastero","Costa Rica"
4,2009,0.69,"Belgium","Criollo","Ecuador"
3,2020,0.44,"U.S.A.","Forastero","Ecuador"
3.25,2006,0.57,"U.S.A.","Trinitario","Madagascar"
3,2015,0.87,"U.K.","","Colombia"
3,2017,0.94,"U.S.A.","Criollo","Venezuela"
3,2016,0.88,"U.S.A.","Forastero","Venezuela"
2.75,2019,0.45,"U.S.A.","Trinitario","Peru"
3.25,2007,0.64,"Switzerland","Forastero","Papua New Guinea"
3,2012,0.44,"Ecuador","Trinitario","Ecuador"
4,2012,0.74,"U.K.","Criollo","Other"
3.75,2016,0.73,"Canada","Blend","Bolivia"
3,2006,0.81,"Other","Trinitario","Ecuador"
3,2021,0.44,"Colombia","Trinitario","Other"
3,2011,0.76,"Other","Trinitario, Forastero","Bolivia"
4,2012,0.71,"Belgium","Trinitario","Nicaragua"
3.25,2010,0.56,"Other","Forastero","Madagascar"
3.5,2006,0.79,"Madagascar","Trinitario","Ecuador"
3,2011,0.48,"France","Criollo, Trinitario","Other"
3.25,2021,0.85,"U.K.","Trinitario","Other"
3.5,2021,0.51,"Ecuador","Criollo, Trinitario","Ecuador"
3.5,2020,0.45,"Italy","Trinitario","Peru"
3,2012,0.96,"U.S.A.","Trinitario","Dominican Republic"
3.25,2012,0.64,"France","Criollo","Colombia"
3.25,2012,0.75,"Germany","Trinitario","Papua New Guinea"
3,2013,0.75,"Australia","Forastero","Other"
3.5,2010,0.77,"U.S.A.","Criollo","Peru"
3.25,2008,0.53,"Guatemala","Criollo","Venezuela"
3.5,2021,0.87,"U.K.","Criollo, Trinitario","Other"
2.75,2008,0.9,"Canada","Blend","Ecuador"
2.75,2008,0.7,"Italy","Forastero","Trinidad"
3,2011,0.77,"Italy","Forastero","Other"
2.75,2009,0.94,"Other","Forastero","Venezuela"
3,2008,0.94,"Italy","Trinitario","Dominican Republic"
2.75,2013,0.58,"Switzerland","Trinitario","Peru"
3,2009,0.77,"Italy","Forastero","Madagascar"
3,2009,0.43,"U.S.A.","Trinitario","Madagascar"
3.25,2011,0.85,"Switzerland","Forastero","Peru"
3.25,2015,0.54,"Ecuador","Criollo","Ecuador"
3.5,2020,0.59,"France","","Trinidad"
3,2020,0.8,"Canada","Forastero","Peru"
3.5,2020,0.63,"France","Trinitario","Vietnam"
4,2015,0.55,"Italy","Criollo","Dominican Republic"
2.75,2012,0.58,"Belgium","Forastero","Other"
3,2007,0.63,"Belgium","Criollo","Dominican Republic"
2.75,2009,0.49,"Australia","Forastero","Other"
3.25,2021,0.61,"France","Trinitario","Peru"
3.5,2016,0.59,"Canada","Trinitario","Peru"
3,2017,0.88,"U.K.","Blend","Venezuela"
3,2021,0.53,"Peru","Trinitario","Other"
2.75,2006,0.85,"U.S.A.","Trinitario","Madagascar"
3.25,2020,0.81,"Ecuador","","Madagascar"
3.75,2018,0.43,"U.S.A.","Criollo","Bolivia"
3,2013,0.52,"Other","Criollo","Dominican Republic"
3.75,2021,0.83,"Madagascar","Trinitario","Belize"
3.25,2014,0.73,"U.S.A.","Trinitario","Ecuador"
3,2011,0.62,"Belgium","Trinitario","Costa Rica"
3,2018,0.86,"Guatemala","Trinitario","Bolivia"
3.75,2016,0.68,"Italy","Trinitario","Venezuela"
3.75,2020,0.62,"Ecuador","Forastero","Venezuela"
3.5,2020,0.58,"France","Forastero","Venezuela"
3.25,2011,0.72,"Other","Trinitario, Forastero","Venezuela"
2.5,2009,0.49,"Other","Criollo","Nicaragua"
2.5,2008,0.74,"U.S.A.","Forastero","Trinidad"
3.5,2017,0.84,"Madagascar","Criollo, Trinitario","Madagascar"
2.75,2009,0.89,"Guatemala","Forastero","Peru"
4,2019,0.74,"U.S.A.","Trinitario","Colombia"
3.5,2007,0.9,"Italy","Trinitario","Nicaragua"
3,2018,0.92,"U.S.A.","Trinitario","Dominican Republic"
4,2016,0.74,"Peru","Trinitario","Costa Rica"
3,2011,0.62,"U.S.A.","Forastero","Trinidad"
3,2007,0.53,"U.K.","Trinitario","Bolivia"
3.5,2008,0.56,"Switzerland","Trinitario","Other"
3.25,2011,0.66,"Colombia","Trinitario","Nicaragua"
2.75,2012,0.91,"U.S.A.","Trinitario","Vietnam"
3,2008,0.91,"Peru","Trinitario","Trinidad"
3,2008,0.55,"Ecuador","Trinitario","Bolivia"
3.75,2018,0.59,"Ecuador","Trinitario","Venezuela"
3.5,2014,0.84,"U.S.A.","Forastero","Ecuador"
3.25,2006,0.63,"U.S.A.","Trinitario","Madagascar"
3.75,2008,0.78,"Australia","Trinitario","Dominican Republic"
2.75,2009,0.55,"Other","Forastero","Venezuela"
3.25,2019,0.62,"Venezuela","Criollo","Nicaragua"
3.5,2006,0.83,"Switzerland","Trinitario","Dominican Republic"
2.75,2013,0.98,"Italy","Forastero","Dominican Republic"
3.25,2007,0.75,"France","Forastero","Papua New Guinea"
3,2016,0.92,"France","Trinitario","Other"
3,2013,0.61,"Canada","Criollo","Ecuador"
3,2013,0.99,"U.S.A.","Forastero","Ghana"
3,2016,0.91,"Canada","Criollo","Trinidad"
3.5,2014,0.71,"U.S.A.","Criollo","Vietnam"
3.25,2007,0.93,"Italy","Trinitario","Ghana"
2.5,2019,1,"France","Forastero","Bolivia"
3.75,2010,0.72,"France","Forastero","Dominican Republic"
3.25,2008,0.45,"U.K.","Criollo, Trinitario","Nicaragua"
3,2014,0.98,"Other","Forastero","Ecuador"
2.75,2016,0.64,"Germany","Trinitario","Other"
3.25,2010,0.78,"France","Trinitario","Madagascar"
2.75,2006,0.45,"Ecuador","Criollo","Dominican Republic"
3,2010,0.49,"Australia","Trinitario","Papua New Guinea"
2.75,2019,0.91,"Australia","","Venezuela"
3.25,2020,0.63,"Guatemala","Trinitario","Bolivia"
4.25,2016,0.8,"Germany","Trinitario","Venezuela"
3.5,2018,0.6,"Belgium","Forastero","Venezuela"
3.25,2006,0.73,"France","Forastero","Madagascar"
3,2006,0.62,"Other","Trinitario","Other"
3.25,2014,0.62,"U.S.A.","Forastero","Madagascar"
3,2006,0.7,"Canada","Criollo, Trinitario","Peru"
2.5,2008,0.42,"U.S.A.","Trinitario","Trinidad"
3.25,2018,0.56,"U.S.A.","Trinitario","Dominican Republic"
4,2014,0.68,"Belgium","Trinitario","Costa Rica"
2.75,2007,0.96,"Other","Trinitario","Nicaragua"
3.75,2020,0.82,"U.K.","Trinitario","Dominican Republic"
3.5,2021,0.78,"Peru","Forastero","Colombia"
3.25,2008,0.49,"Ecuador","Trinitario, Forastero","Venezuela"
3.5,2016,0.85,"Ecuador","Trinitario","Peru"
3,2016,0.68,"U.S.A.","Criollo, Trinitario","Belize"
3.75,2018,0.8,"Other","Criollo","Venezuela"
3,2006,0.93,"Canada","Forastero","Nicaragua"
2.5,2021,0.95,"Germany","Forastero","Other"
3.75,2019,0.58,"Peru","Trinitario","Other"
4,2015,0.76,"France","Trinitario","Peru"
3.5,2017,0.49,"Other","Criollo","Dominican Republic"
2.75,2010,0.99,"Australia","Trinitario, Forastero","Venezuela"
2.75,2007,0.52,"Canada","Forastero","Ghana"
3,2018,0.62,"Peru","Criollo","Nicaragua"
3.25,2009,0.9,"U.K.","Criollo, Trinitario","Ghana"
3.25,2015,0.67,"Italy","Trinitario","Other"
3.5,2011,0.64,"Colombia","Criollo","Madagascar"
3.25,2020,0.71,"Italy","Trinitario","Peru"
3.25,2006,0.55,"Other","Trinitario","Ecuador"
3.5,2011,0.85,"Venezuela","Criollo","Dominican Republic"
3.25,2016,0.54,"U.S.A.","Trinitario","Venezuela"
3,2006,0.57,"Madagascar","Trinitario","Vietnam"
3.5,2018,0.9,"U.S.A.","Trinitario","Madagascar"
3.5,2013,0.74,"France","Trinitario","Madagascar"
3,2021,0.95,"France","Criollo, Trinitario","Peru"
3.5,2012,0.72,"France","Trinitario","Nicaragua"
3.25,2019,1,"U.S.A.","Criollo","Papua New Guinea"
3.25,2009,0.76,"U.K.","Criollo","Vietnam"
3.75,2008,0.73,"U.S.A.","Trinitario","Madagascar"
3,2007,0.46,"Ecuador","Trinitario, Forastero","Costa Rica"
3,2013,0.73,"Canada","Forastero","Madagascar"
3.25,2010,0.55,"France","Trinitario","Other"
3.25,2008,0.52,"Other","","Ecuador"
3.5,2013,0.69,"Ecuador","Criollo, Trinitario","Bolivia"
2.5,2013,0.45,"France","Forastero","Ecuador"
3.5,2011,0.52,"France","Trinitario","Madagascar"
2.75,2008,0.66,"Germany","Blend","Ghana"
3,2017,0.52,"Other","Criollo, Trinitario","Ghana"
3.25,2010,0.7,"Canada","Forastero","Other"
3,2006,0.83,"Australia","Criollo, Trinitario","Madagascar"
3.5,2019,0.62,"Switzerland","Trinitario","Venezuela"
3.25,2011,0.83,"Switzerland","Trinitario","Peru"
3.25,2020,0.63,"Australia","Criollo","Vietnam"
3.75,2008,0.78,"France","Trinitario","Colombia"
3,2014,0.8,"Other","Criollo, Trinitario","Bolivia"
3,2015,0.56,"Canada","Trinitario","Venezuela"
3,2016,0.9,"Belgium","Trinitario","Other"
4,2013,0.77,"Venezuela","Forastero","Ecuador"
3,2018,0.6,"Other","Trinitario","Venezuela"
3.75,2012,0.69,"U.K.","Criollo, Trinitario","Dominican Republic"
3,2016,0.82,"Other","Forastero","Other"
4,2016,0.6,"U.S.A.","Trinitario","Ecuador"
3.25,2019,0.81,"U.K.","Trinitario","Other"
3,2015,0.42,"U.S.A.","Criollo, Trinitario","Bolivia"
3.5,2016,0.95,"Italy","Trinitario","Colombia"
3,2018,0.83,"U.K.","Blend","Bolivia"
3,2010,0.9,"Belgium","Blend","Peru"
4,2017,0.66,"Belgium","Trinitario","Ghana"
3.75,2018,0.71,"U.S.A.","Criollo","Venezuela"
4,2020,0.76,"France","Trinitario","Venezuela"
2.75,2012,0.99,"France","Forastero","Costa Rica"
3.5,2012,0.68,"Other","Trinitario","Venezuela"
4,2017,0.71,"Australia","Criollo","Belize"
3.25,2008,0.81,"Other","Forastero","Other"
3.25,2013,0.86,"U.S.A.","Trinitario","Other"
3.25,2019,0.51,"U.S.A.","Criollo","Dominican Republic"
3,2012,0.43,"U.K.","Trinitario","Venezuela"
3,2021,0.57,"Germany","Forastero","Bolivia"
3,2019,0.59,"U.S.A.","Trinitario","Venezuela"
3.25,2014,0.42,"Other","Trinitario","Ghana"
3.25,2009,0.75,"Ecuador","Trinitario","Other"
3,2014,0.58,"U.K.","Criollo, Trinitario","Vietnam"
2.5,2017,0.89,"Australia","Blend","Bolivia"
3.5,2016,0.7,"Italy","Criollo","Peru"
3.25,2006,0.48,"Colombia","Blend","Ecuador"
3.5,2020,0.83,"Madagascar","Forastero","Trinidad"
3.5,2021,0.8,"U.S.A.","Trinitario","Venezuela"
3.25,2018,0.65,"Colombia","Forastero","Belize"
3.75,2008,0.91,"Canada","Criollo","Dominican Republic"
4,2020,0.72,"U.S.A.","Criollo","Costa Rica"
4,2020,0.66,"Belgium","Trinitario","Nicaragua"
3.5,2013,0.91,"Switzerland","Trinitario","Venezuela"
3.25,2012,0.54,"Other","Criollo","Other"
3.5,2018,0.71,"France","Trinitario, Forastero","Ecuador"
3.75,2019,0.56,"U.K.","Criollo","Madagascar"
3.5,2015,0.47,"Other","Trinitario","Dominican Republic"
3.25,2016,0.62,"Belgium","Blend","Other"
3.5,2012,0.75,"Switzerland","Trinitario","Venezuela"
3.25,2011,0.61,"Other","Forastero","Ecuador"
3,2021,0.78,"Venezuela","Forastero","Colombia"
3.25,2013,0.66,"France","Criollo, Trinitario","Colombia"
3.25,2006,0.71,"Belgium","Trinitario, Forastero","Nicaragua"
2.75,2019,0.59,"Switzerland","Forastero","Dominican Republic"
4,2015,0.76,"Other","Criollo","Madagascar"
2.75,2009,0.63,"U.K.","Forastero","Peru"
3.25,2014,0.93,"Canada","Criollo","Madagascar"
3,2020,0.76,"France","Trinitario","Belize"
3.5,2017,0.99,"U.S.A.","Criollo","Ecuador"
3.25,2019,0.57,"Belgium","Criollo","Vietnam"
3.25,2019,0.92,"Guatemala","Trinitario","Madagascar"
3.5,2021,0.56,"Guatemala","Criollo, Trinitario","Ecuador"
2.75,2007,0.44,"Germany","Forastero","Other"
3.25,2015,0.76,"Germany","Blend","Costa Rica"
2.5,2006,0.49,"Madagascar","Criollo","Other"
3.25,2010,0.71,"U.K.","Trinitario","Peru"
3,2013,0.7,"U.K.","Trinitario, Forastero","Ecuador"
3.5,2015,0.72,"U.K.","Trinitario","Costa Rica"
3.25,2011,0.67,"France","Trinitario","Ecuador"
3,2006,0.66,"Australia","Forastero","Venezuela"
3.25,2021,0.82,"U.K.","Blend","Other"
3,2021,0.88,"Other","Blend","Other"
4,2013,0.79,"Guatemala","Criollo","Ecuador"
3.5,2008,0.72,"France","Forastero","Dominican Republic"
3.5,2015,0.76,"Canada","Trinitario","Papua New Guinea"
3.25,2007,0.73,"Ecuador","Forastero","Dominican Republic"
3.75,2007,0.69,"Belgium","Criollo","Other"
3.25,2006,0.75,"Canada","Criollo","Belize"
3.25,2015,0.73,"Canada","Trinitario","Madagascar"
3,2006,0.84,"Germany","Trinitario, Forastero","Ecuador"
3.5,2014,0.55,"U.S.A.","Forastero","Venezuela"
2.5,2006,0.63,"U.S.A.","Forastero","Nicaragua"
3,2019,0.66,"Other","Forastero","Colombia"
3.25,2015,0.56,"Peru","Criollo, Trinitario","Ecuador"
2.75,2008,0.86,"U.S.A.","Trinitario","Costa Rica"
2.75,2018,0.62,"Belgium","Forastero","Ghana"
3,2010,0.86,"U.S.A.","Blend","Other"
3,2012,0.54,"Guatemala","Forastero","Colombia"
3.25,2021,0.87,"Peru","Criollo","Nicaragua"
2.25,2007,0.91,"Other","","Peru"
3.5,2015,0.69,"Ecuador","Trinitario","Colombia"
3.25,2017,0.81,"France","Trinitario","Colombia"
4,2018,0.81,"U.K.","Trinitario","Ecuador"
2.5,2006,0.43,"Switzerland","Trinitario","Bolivia"
2.75,2016,0.9,"Madagascar","Trinitario","Costa Rica"
2.5,2009,0.79,"Canada","Trinitario","Papua New Guinea"
3.75,2012,0.8,"U.S.A.","Criollo","Venezuela"
3,2019,0.89,"Canada","Trinitario","Belize"
2.5,2013,0.9,"U.S.A.","Trinitario","Bolivia"
3.25,2013,0.58,"Other","Trinitario, Forastero","Peru"
3.5,2014,0.71,"U.S.A.","Forastero","Ghana"
3,2013,0.57,"Ecuador","Trinitario","Nicaragua"
3.75,2019,0.79,"Italy","Criollo","Other"
2.5,2015,0.45,"Australia","Trinitario","Bolivia"
3.25,2020,0.51,"U.S.A.","Trinitario","Peru"
3.25,2007,0.75,"Peru","Trinitario","Trinidad"
3.25,2007,0.93,"Italy","Criollo","Colombia"
3.25,2016,0.97,"Canada","Criollo, Trinitario","Venezuela"
2.5,2010,0.91,"Other","Forastero","Peru"
3.25,2021,0.58,"Madagascar","Trinitario","Other"
3,2007,0.87,"Ecuador","Forastero","Venezuela"
3.25,2018,0.86,"Italy","Criollo, Trinitario","Other"
3.75,2020,0.51,"U.K.","Criollo","Belize"
3.5,2009,0.75,"France","Trinitario","Other"
3,2011,0.98,"U.S.A.","Forastero","Peru"
3.75,2014,0.71,"Colombia","Trinitario","Ecuador"
3.25,2012,0.81,"Australia","Forastero","Bolivia"
2.75,2013,0.76,"Venezuela","Forastero","Bolivia"
3.5,2010,0.59,"U.S.A.","","Ecuador"
2.75,2016,0.48,"Ecuador","Trinitario","Costa Rica"
3.5,2009,0.61,"U.S.A.","Criollo","Bolivia"
3,2016,0.95,"Other","Trinitario","Other"
3.5,2015,0.52,"U.S.A.","Criollo","Other"
2.75,2018,0.99,"Canada","Trinitario","Papua New Guinea"
3.25,2020,0.58,"Other","Trinitario, Forastero","Madagascar"
2.75,2007,0.96,"Guatemala","Trinitario","Colombia"
2.5,2009,0.49,"Colombia","Criollo, Trinitario","Venezuela"
2.5,2012,0.84,"Ecuador","Forastero","Papua New Guinea"
3,2012,0.64,"Ecuador","Criollo, Trinitario","Belize"
3,2021,0.99,"Germany","Forastero","Peru"
3.75,2020,0.71,"U.S.A.","Forastero","Ghana"
3.75,2010,0.53,"U.S.A.","Criollo","Venezuela"
2.5,2015,0.47,"Ecuador","Trinitario","Colombia"
3.25,2021,0.87,"Other","Criollo","Peru"
2.75,2014,0.5,"Ecuador","Criollo, Trinitario","Madagascar"
3,2021,0.58,"U.S.A.","","Trinidad"
2.5,2009,0.47,"U.S.A.","Trinitario","Nicaragua"
3.5,2007,0.65,"Switzerland","Forastero","Ecuador"
2.75,2011,0.9,"U.K.","Blend","Venezuela"
3.5,2018,0.72,"U.S.A.","Forastero","Other"
3.5,2018,0.58,"U.K.","Trinitario","Vietnam"
3,2014,0.97,"U.K.","Trinitario","Colombia"
3,2014,1,"Guatemala","Trinitario","Colombia"
3,2021,0.49,"France","Trinitario","Other"
3.5,2019,0.68,"U.S.A.","Forastero","Colombia"
2.5,2011,0.47,"Venezuela","Trinitario","Nicaragua"
3,2018,0.86,"Italy","Forastero","Dominican Republic"
3.25,2021,0.76,"Madagascar","Criollo, Trinitario","Nicaragua"
3,2020,0.55,"Other","Trinitario","Vietnam"
3.75,2020,0.66,"Guatemala","Forastero","Ecuador"
3,2015,0.95,"U.S.A.","Trinitario","Peru"
3,2021,0.87,"Other","Forastero","Ghana"
3.5,2019,0.49,"Ecuador","Trinitario","Ecuador"
3,2019,0.88,"Other","Criollo, Trinitario","Dominican Republic"
3.5,2013,0.77,"Australia","Blend","Other"
2.75,2006,0.99,"Belgium","Criollo","Other"
3.25,2006,0.84,"U.S.A.","Criollo","Ecuador"
2.25,2018,0.45,"U.S.A.","Forastero","Nicaragua"
3.25,2008,0.66,"U.S.A.","Blend","Madagascar"
3.75,2009,0.77,"Switzerland","Trinitario","Venezuela"
2.75,2014,0.95,"France","Trinitario","Ecuador"
3.25,2011,0.59,"France","Trinitario","Madagascar"
3.5,2015,0.91,"U.S.A.","Trinitario","Venezuela"
2.75,2009,0.95,"U.S.A.","Forastero","Peru"
3,2016,0.92,"U.S.A.","Trinitario","Dominican Republic"
4,2017,0.72,"U.S.A.","Criollo","Venezuela"
3.25,2014,0.77,"Venezuela","Criollo, Trinitario","Other"
2.5,2017,0.94,"Venezuela","Criollo","Ghana"
2.5,2007,0.85,"Italy","Trinitario","Papua New Guinea"
3,2008,0.53,"U.S.A.","Criollo","Belize"
2.25,2010,0.93,"Canada","Forastero","Ecuador"
3,2010,0.76,"U.S.A.","Criollo","Belize"
2.5,2017,0.46,"Guatemala","Criollo, Trinitario","Trinidad"
2.75,2019,0.91,"Other","Forastero","Nicaragua"
3.25,2008,0.82,"France","Forastero","Other"
2.75,2020,0.91,"U.S.A.","Forastero","Other"
3,2006,0.92,"U.S.A.","Trinitario","Peru"
3.5,2018,0.75,"U.S.A.","Forastero","Dominican Republic"
3.25,2011,0.43,"Other","Trinitario","Ghana"
3.25,2006,0.74,"U.S.A.","Criollo","Madagascar"
3,2018,0.83,"Colombia","Forastero","Other"
3,2013,0.49,"Ecuador","Trinitario","Venezuela"
3.25,2010,0.89,"U.S.A.","Forastero","Ecuador"
2.25,2013,0.86,"Colombia","Forastero","Ecuador"
3.25,2019,0.61,"U.S.A.","Blend","Ecuador"
2.75,2009,0.89,"Germany","Trinitario","Dominican Republic"
3,2014,0.84,"U.S.A.","Blend","Venezuela"
3.75,2010,0.63,"Italy","Trinitario","Dominican Republic"
3,2009,0.59,"Other","Trinitario, Forastero","Dominican Republic"
3,2008,0.45,"France","Trinitario, Forastero","Ecuador"
2.5,2006,0.48,"U.S.A.","Forastero","Papua New Guinea"
3.75,2015,0.67,"U.K.","Criollo, Trinitario","Other"
2.75,2010,0.9,"France","Trinitario, Forastero","Papua New Guinea"
3.25,2008,0.78,"Belgium","Blend","Madagascar"
3.75,2008,0.65,"U.S.A.","Trinitario","Venezuela"
3,2014,0.55,"France","Trinitario","Nicaragua"
3.25,2006,0.82,"U.K.","Forastero","Colombia"
3.75,2017,0.76,"Italy","Criollo","Costa Rica"
3,2014,0.92,"U.K.","Trinitario","Other"
2.75,2007,0.73,"Other","Trinitario, Forastero","Dominican Republic"
3,2019,0.89,"U.S.A.","Trinitario","Dominican Republic"
2.75,2006,0.85,"Ecuador","Criollo","Nicaragua"
3.25,2006,0.88,"Italy","Trinitario, Forastero","Madagascar"
3,2018,0.91,"U.S.A.","Trinitario","Papua New Guinea"
3,2008,0.78,"France","Forastero","Bolivia"
3,2009,0.93,"Madagascar","Forastero","Colombia"
3.75,2010,0.97,"Germany","Criollo","Dominican Republic"
3.5,2021,0.87,"Italy","Criollo","Ecuador"
4,2017,0.77,"U.S.A.","Criollo","Ecuador"
3.5,2009,0.65,"France","Criollo","Colombia"
3.5,2017,0.79,"Canada","Criollo, Trinitario","Vietnam"
3.5,2019,0.71,"Guatemala","Forastero","Bolivia"
3.5,2013,0.58,"Colombia","Trinitario","Ecuador"
3,2021,0.43,"France","Trinitario","Dominican Republic"
3,2010,0.55,"Other","Trinitario","Ecuador"
2,2015,0.6,"Guatemala","Forastero","Other"
3.5,2017,0.46,"U.K.","Forastero","Peru"
3,2012,0.61,"Germany","Trinitario","Belize"
2.5,2007,0.97,"Canada","Forastero","Nicaragua"
3.75,2014,0.75,"U.S.A.","Trinitario","Dominican Republic"
3.5,2013,0.84,"U.K.","Trinitario","Ghana"
3.5,2019,0.8,"Belgium","Trinitario","Ghana"
3.25,2006,0.93,"Other","Criollo, Trinitario","Madagascar"
3.25,2017,0.48,"Other","Criollo","Nicaragua"
3.25,2006,0.47,"Germany","Trinitario, Forastero","Colombia"
2.25,2017,0.93,"Venezuela","Trinitario","Papua New Guinea"
3.5,2015,0.65,"Canada","Trinitario","Peru"
2.75,2015,0.43,"Australia","Trinitario","Dominican Republic"
4,2020,0.87,"Switzerland","Criollo","Belize"
3.5,2016,0.81,"Ecuador","Trinitario","Dominican Republic"
3.25,2021,0.86,"France","Forastero","Venezuela"
3.25,2007,0.84,"Ecuador","Criollo","Papua New Guinea"
3.25,2007,0.43,"Switzerland","Blend","Papua New Guinea"
4,2009,0.7,"Switzerland","Trinitario","Ghana"
3.5,2020,0.98,"U.S.A.","Criollo","Madagascar"
4,2014,0.55,"U.S.A.","Criollo, Trinitario","Peru"
3.25,2021,0.83,"Other","Trinitario, Forastero","Dominican Republic"
2.75,2018,0.83,"Ecuador","Forastero","Vietnam"
3,2012,0.56,"U.S.A.","Criollo","Colombia"
3,2009,0.8,"U.K.","Trinitario","Dominican Republic"
3,2007,0.96,"Italy","Criollo","Ghana"
3,2011,0.91,"Other","Forastero","Ecuador"
3.75,2008,0.69,"France","Criollo","Papua New Guinea"
3.5,2019,0.88,"Italy","Forastero","Madagascar"
2.25,2012,0.49,"Italy","Trinitario","Bolivia"
3.25,2009,0.5,"France","Trinitario, Forastero","Peru"
3,2010,0.53,"Guatemala","Blend","Bolivia"
3.5,2021,0.61,"Ecuador","Trinitario","Peru"
3.75,2011,0.82,"France","Trinitario, Forastero","Ecuador"
3.5,2009,0.87,"France","Trinitario, Forastero","Dominican Republic"
3.25,2014,0.58,"Italy","Trinitario","Colombia"
3.25,2013,0.63,"Other","Criollo","Ecuador"
2.75,2008,0.88,"U.S.A.","Forastero","Bolivia"
2.75,2007,0.82,"U.S.A.","Trinitario","Venezuela"
3.5,2016,0.74,"Italy","Trinitario","Trinidad"
2.5,2018,0.46,"Venezuela","Criollo","Dominican Republic"
3.25,2018,0.94,"Other","Trinitario","Colombia"
3,2021,0.85,"France","Forastero","Ecuador"
3.25,2013,0.87,"France","Trinitario","Ecuador"
3.25,2019,0.61,"Belgium","Blend","Other"
2.75,2011,0.84,"Peru","Trinitario","Papua New Guinea"
3.75,2014,0.62,"Peru","Criollo","Venezuela"
3.25,2020,0.5,"Italy","Forastero","Peru"
3,2014,0.83,"Guatemala","Trinitario","Venezuela"
3,2015,0.43,"Canada","Forastero","Madagascar"
3.25,2021,0.59,"U.S.A.","","Other"
2,2006,0.49,"Germany","Forastero","Peru"
2.75,2015,0.68,"Venezuela","Forastero","Colombia"
3,2007,0.92,"Venezuela","Trinitario","Ghana"
3,2017,0.99,"Italy","Trinitario","Papua New Guinea"
3.75,2017,0.68,"Canada","Trinitario","Ghana"
3.75,2010,0.83,"Canada","Criollo, Trinitario","Other"
3.5,2010,0.58,"Italy","Trinitario","Peru"
3.25,2019,0.77,"France","Forastero","Venezuela"
3.25,2007,0.81,"U.K.","Forastero","Other"
3.25,2012,0.88,"U.S.A.","Criollo","Nicaragua"
2.75,2008,0.49,"Italy","Trinitario","Belize"
3.25,2019,0.97,"France","Trinitario","Ghana"
3.75,2015,0.49,"Switzerland","Criollo, Trinitario","Venezuela"
3,2012,0.58,"U.S.A.","Forastero","Madagascar"
3.5,2019,0.71,"France","Trinitario","Papua New Guinea"
3.5,2015,0.93,"France","Trinitario","Madagascar"
3,2020,0.56,"Canada","Trinitario","Colombia"
3.25,2013,0.69,"Canada","Forastero","Ecuador"
3.5,2011,0.82,"Belgium","Forastero","Venezuela"
3.5,2020,0.6,"U.S.A.","Trinitario","Belize"
3,2008,0.81,"Madagascar","Criollo","Other"
3.5,2018,0.97,"Canada","Criollo, Trinitario","Papua New Guinea"
3.5,2021,0.54,"France","Forastero","Colombia"
3.25,2010,0.54,"Madagascar","Trinitario","Ecuador"
3.25,2021,0.59,"U.S.A.","Trinitario","Other"
3.25,2012,0.65,"Ecuador","Forastero","Other"
3.5,2021,0.74,"Venezuela","Criollo","Madagascar"
3.75,2014,0.65,"U.S.A.","Trinitario","Dominican Republic"
3.75,2011,0.53,"Ecuador","Trinitario","Bolivia"
2.75,2013,0.44,"Italy","Criollo","Papua New Guinea"
3.5,2012,0.94,"Other","Criollo","Costa Rica"
3.75,2011,0.64,"France","Criollo","Costa Rica"
3,2008,0.88,"Ecuador","Trinitario","Peru"
4,2016,0.67,"France","Trinitario","Ecuador"
3,2020,0.45,"Guatemala","Forastero","Ghana"
3.25,2014,0.47,"Switzerland","Forastero","Other"
3.25,2018,0.89,"U.S.A.","Trinitario","Venezuela"
3.25,2021,0.52,"Other","Trinitario","Bolivia"
3.5,2009,0.62,"Other","Trinitario","Madagascar"
2.75,2017,0.99,"U.K.","Forastero","Madagascar"
3.25,2017,0.93,"Belgium","Trinitario","Colombia"
3.25,2016,0.99,"U.S.A.","Trinitario","Dominican Republic"
3,2016,0.44,"Canada","Trinitario","Vietnam"
3,2012,0.56,"France","Trinitario","Madagascar"
3.5,2014,0.92,"Peru","Trinitario","Madagascar"
3.75,2021,0.73,"Italy","Trinitario","Other"
3.25,2016,0.56,"U.S.A.","Trinitario","Colombia"
3.25,2010,0.76,"Ecuador","Forastero","Colombia"
3.25,2019,0.83,"Australia","Trinitario, Forastero","Other"
3,2012,0.6,"U.S.A.","Trinitario","Ghana"
4,2013,0.56,"Belgium","Criollo","Dominican Republic"
3.5,2015,0.58,"U.S.A.","Trinitario","Bolivia"
2.75,2014,0.94,"Peru","Trinitario","Other"
3.25,2012,0.67,"U.S.A.","Forastero","Dominican Republic"
3,2008,0.66,"U.S.A.","Forastero","Colombia"
3,2018,0.92,"Madagascar","Trinitario","Other"
3.5,2021,0.75,"Belgium","Criollo","Venezuela"
3.25,2014,1,"Belgium","Criollo, Trinitario","Madagascar"
2.75,2017,0.83,"Other","Trinitario","Belize"
2.75,2016,0.44,"Italy","Forastero","Other"
3,2016,0.46,"Canada","Trinitario","Venezuela"
3.25,2014,0.94,"Italy","Criollo","Ecuador"
3.5,2021,0.69,"U.S.A.","Forastero","Belize"
3.25,2010,0.58,"Canada","Criollo","Madagascar"
3.5,2009,0.85,"France","Criollo","Peru"
3,2018,0.67,"Canada","Trinitario","Madagascar"
2.75,2015,0.98,"Guatemala","Forastero","Venezuela"
3.5,2007,0.88,"Australia","Forastero","Ecuador"
4,2019,0.68,"France","Trinitario","Peru"
3,2006,0.98,"Switzerland","Trinitario","Nicaragua"
3.25,2019,0.61,"Peru","Trinitario, Forastero","Peru"
2.5,2009,0.52,"Australia","Forastero","Nicaragua"
3.25,2016,0.76,"Venezuela","Trinitario","Bolivia"
2.5,2020,0.43,"Italy","","Madagascar"
3.75,2021,0.7,"U.K.","Forastero","Venezuela"
3.75,2014,0.87,"Other","Criollo, Trinitario","Nicaragua"
3.5,2008,0.87,"Switzerland","","Madagascar"
3.5,2007,0.8,"Other","Criollo","Costa Rica"
2.75,2007,0.51,"Madagascar","Trinitario","Venezuela"
3.5,2021,0.62,"U.S.A.","Trinitario","Papua New Guinea"
2.75,2017,0.85,"France","Forastero","Venezuela"
2.75,2012,0.5,"Canada","Forastero","Dominican Republic"
3.25,2006,0.77,"Venezuela","Trinitario","Ecuador"
3.5,2013,0.72,"Other","Criollo, Trinitario","Peru"
3.5,2017,0.57,"Other","Trinitario","Venezuela"
3.25,2012,0.62,"U.S.A.","Trinitario","Dominican Republic"
3.5,2012,0.45,"U.S.A.","Trinitario, Forastero","Madagascar"
3.5,2012,0.89,"Canada","Trinitario","Peru"
2.75,2007,0.81,"Venezuela","Criollo","Venezuela"
2.75,2011,0.99,"Madagascar","Trinitario","Ecuador"
2.75,2011,0.86,"France","Trinitario, Forastero","Other"
3.25,2012,0.59,"U.K.","Trinitario","Peru"
3.25,2019,0.98,"Other","Criollo, Trinitario","Colombia"
2.75,2015,0.98,"France","Trinitario","Bolivia"
2.75,2019,0.88,"U.S.A.","Trinitario","Peru"
3.5,2016,0.72,"Other","Criollo","Madagascar"
3.25,2014,0.46,"Germany","Criollo","Peru"
3.25,2014,0.97,"Italy","Criollo","Dominican Republic"
3.25,2014,0.47,"France","Criollo, Trinitario","Costa Rica"
3.5,2018,0.88,"U.K.","Criollo","Colombia"
3.75,2019,0.65,"France","Trinitario","Dominican Republic"
4,2021,0.66,"Italy","Criollo","Madagascar"
3.25,2007,0.66,"Switzerland","Trinitario","Dominican Republic"
4.25,2017,0.85,"Madagascar","Criollo","Madagascar"
3.5,2017,0.88,"Venezuela","Criollo","Colombia"
2.5,2020,0.52,"U.S.A.","Forastero","Bolivia"
3,2006,0.63,"U.S.A.","Forastero","Papua New Guinea"
3.25,2007,0.95,"Peru","Trinitario","Other"
3,2009,0.45,"Canada","Criollo","Peru"
2.5,2009,0.45,"Germany","Trinitario","Bolivia"
3.25,2021,0.65,"Guatemala","Forastero","Madagascar"
3,2006,0.88,"Australia","Trinitario","Madagascar"
2.75,2007,0.46,"Other","","Vietnam"
3.75,2020,0.87,"Canada","Trinitario, Forastero","Trinidad"
2.75,2013,0.83,"Belgium","Forastero","Belize"
3.75,2009,0.91,"Canada","Criollo","Dominican Republic"
3.75,2016,0.92,"Canada","Trinitario","Ecuador"
3.25,2008,0.46,"Peru","Trinitario","Colombia"
3,2006,0.92,"France","Criollo, Trinitario","Other"
2.5,2009,0.59,"Colombia","Forastero","Other"
3.25,2008,0.45,"France","Criollo","Madagascar"
3,2020,0.96,"U.K.","Trinitario, Forastero","Venezuela"
3.5,2014,0.97,"Germany","Criollo","Dominican Republic"
2.5,2007,0.85,"Other","Trinitario","Peru"
3,2010,0.56,"Canada","Trinitario","Ecuador"
3,2015,0.48,"Venezuela","Forastero","Ecuador"
3.25,2019,0.87,"Switzerland","Criollo","Trinidad"
3.5,2012,0.61,"Guatemala","Criollo","Colombia"
3.25,2011,0.72,"Belgium","Forastero","Peru"
3.25,2013,0.74,"U.S.A.","Forastero","Madagascar"
2.75,2014,0.73,"Belgium","Forastero","Bolivia"
3.5,2018,0.81,"Australia","","Ghana"
3.25,2007,0.88,"France","Blend","Ecuador"
2.75,2020,0.98,"France","Criollo","Other"
3.75,2017,0.62,"Colombia","Criollo","Venezuela"
3.5,2006,0.82,"France","Criollo","Bolivia"
3,2016,0.93,"Canada","Forastero","Ghana"
3,2010,0.58,"U.S.A.","Criollo","Belize"
3.5,2014,0.44,"France","Blend","Peru"
3.25,2014,0.79,"Australia","Trinitario, Forastero","Venezuela"
3.75,2011,0.87,"Canada","Criollo, Trinitario","Madagascar"
2.75,2010,0.45,"U.S.A.","Trinitario","Ghana"
3,2006,0.97,"U.S.A.","Forastero","Dominican Republic"
3.75,2008,0.72,"U.S.A.","Forastero","Other"
3.25,2016,0.59,"Italy","Forastero","Dominican Republic"
3,2014,0.76,"U.S.A.","Trinitario","Bolivia"
3.25,2010,0.75,"Colombia","Forastero","Colombia"
3.25,2015,0.72,"France","Blend","Dominican Republic"
3.75,2014,0.78,"U.K.","Trinitario","Venezuela"
3,2010,0.44,"Italy","Trinitario","Other"
3.25,2016,0.53,"Venezuela","Criollo","Papua New Guinea"
3.25,2018,0.87,"Other","Trinitario","Ghana"
3,2015,0.89,"France","Trinitario","Nicaragua"
3.5,2020,0.61,"Madagascar","Trinitario","Ghana"
3.5,2017,0.71,"France","Criollo","Madagascar"
2.75,2012,0.94,"France","Forastero","Ecuador"
2.75,2020,0.64,"U.S.A.","Blend","Colombia"
2.75,2014,0.71,"Other","Forastero","Trinidad"
3.25,2007,0.74,"Other","Trinitario","Colombia"
3,2016,0.42,"France","Trinitario, Forastero","Trinidad"
3.5,2008,0.59,"Ecuador","Criollo","Nicaragua"
2.75,2021,0.57,"U.K.","Trinitario","Papua New Guinea"
3,2011,0.55,"U.K.","Trinitario","Belize"
3.5,2009,0.82,"Canada","Trinitario","Ecuador"
3.5,2017,0.51,"France","Forastero","Madagascar"
3.25,2016,0.9,"U.K.","Criollo, Trinitario","Peru"
3.25,2014,0.96,"Canada","Trinitario","Colombia"
3.5,2019,0.72,"Switzerland","Forastero","Venezuela"
3,2009,0.53,"U.S.A.","Trinitario","Belize"
2.25,2013,0.47,"Australia","Trinitario","Trinidad"
2.5,2009,0.98,"Peru","Trinitario","Madagascar"
2.75,2019,0.47,"Madagascar","Forastero","Bolivia"
3,2014,0.49,"Germany","","Ecuador"
3.5,2021,0.56,"U.S.A.","Trinitario","Colombia"
3,2011,0.57,"U.S.A.","Forastero","Dominican Republic"
3,2019,0.5,"Canada","Criollo","Papua New Guinea"
3,2017,0.53,"U.K.","Forastero","Venezuela"
2.5,2006,0.95,"U.S.A.","Criollo, Trinitario","Peru"
2.75,2009,0.95,"U.S.A.","Forastero","Venezuela"
3.75,2013,0.75,"U.K.","Forastero","Venezuela"
3.25,2013,0.79,"Switzerland","Forastero","Peru"
3,2016,0.99,"U.K.","Trinitario","Venezuela"
3.5,2015,0.56,"Australia","Criollo","Peru"
3.25,2006,0.71,"France","Trinitario, Forastero","Ghana"
3.5,2016,0.73,"France","Blend","Belize"
3,2015,0.84,"France","","Vietnam"
3.5,2017,0.72,"Ecuador","Criollo","Trinidad"
3.5,2009,0.77,"Peru","Criollo","Ecuador"
3.25,2008,0.61,"U.S.A.","Criollo","Trinidad"
3.75,2021,0.77,"Peru","Trinitario","Venezuela"
3.25,2016,0.69,"U.S.A.","Trinitario","Papua New Guinea"
3.25,2007,0.49,"U.K.","Criollo","Papua New Guinea"
3.25,2006,0.77,"Canada","Criollo, Trinitario","Other"
3,2006,0.95,"U.S.A.","Criollo","Ecuador"
3,2009,0.99,"U.S.A.","Criollo","Belize"
3.75,2017,0.72,"France","Forastero","Ecuador"
3.5,2020,0.65,"Canada","Trinitario","Other"
3.25,2014,0.85,"Other","Trinitario, Forastero","Other"
3,2007,0.52,"France","Forastero","Madagascar"
4,2009,0.62,"France","Criollo","Venezuela"
3,2021,0.74,"France","Forastero","Other"
3.5,2015,0.77,"Madagascar","Trinitario, Forastero","Ghana"
3.25,2021,0.84,"Other","Blend","Ghana"
3.25,2016,0.74,"U.K.","Trinitario","Vietnam"
3.5,2019,0.8,"U.S.A.","","Other"
3.25,2007,0.58,"U.S.A.","Trinitario","Ecuador"
3.5,2016,0.69,"Belgium","Trinitario","Costa Rica"
2.75,2008,0.51,"Other","","Ecuador"
3.5,2014,0.54,"France","Criollo","Vietnam"
3,2020,0.87,"U.K.","Forastero","Other"
3.25,2012,1,"Belgium","Criollo","Other"
2.75,2013,0.57,"Germany","Criollo","Trinidad"
2.75,2009,0.51,"Other","Trinitario, Forastero","Vietnam"
3.5,2021,0.71,"France","Forastero","Venezuela"
4,2020,0.8,"Ecuador","Blend","Venezuela"
4.25,2020,0.73,"Colombia","Criollo, Trinitario","Dominican Republic"
3.5,2016,0.52,"Australia","Criollo","Madagascar"
3.5,2015,0.8,"France","Criollo","Madagascar"
3,2019,0.47,"U.K.","Forastero","Costa Rica"
3.5,2021,0.64,"France","Criollo, Trinitario","Belize"
3.75,2018,0.72,"France","Trinitario","Dominican Republic"
3.5,2011,0.47,"Belgium","Forastero","Other"
3,2010,0.57,"Ecuador","Blend","Venezuela"
3,2017,0.58,"Peru","Trinitario","Belize"
3.25,2010,0.76,"Other","Criollo","Peru"
3.25,2018,0.61,"Other","","Madagascar"
3.25,2018,0.44,"France","Forastero","Madagascar"
3,2012,0.64,"U.K.","Trinitario","Costa Rica"
3.25,2017,0.43,"Canada","Criollo","Venezuela"
3,2019,0.45,"Switzerland","Blend","Dominican Republic"
3.25,2019,0.67,"Germany","Forastero","Dominican Republic"
2.75,2007,0.49,"Other","Trinitario","Belize"
3.75,2019,0.79,"Peru","Criollo","Venezuela"
2.25,2009,0.81,"Italy","Forastero","Costa Rica"
3,2011,0.68,"Canada","Trinitario","Other"
2.75,2009,0.58,"Ecuador","","Trinidad"
3.75,2020,0.69,"U.S.A.","Trinitario","Venezuela"
3.5,2011,0.53,"Guatemala","Trinitario","Ecuador"
4,2012,0.77,"France","Trinitario, Forastero","Dominican Republic"
3,2016,0.61,"Colombia","Trinitario","Colombia"
3.25,2019,0.66,"Belgium","Trinitario","Peru"
3.75,2014,0.76,"France","Criollo","Dominican Republic"
3.5,2013,0.85,"Belgium","Criollo","Peru"
3,2019,0.53,"Madagascar","Trinitario","Trinidad"
3,2012,0.83,"Canada","Trinitario","Nicaragua"
3,2020,0.46,"U.S.A.","Forastero","Ghana"
2.5,2019,0.62,"U.S.A.","Forastero","Other"
3.5,2014,0.8,"U.S.A.","","Madagascar"
3.25,2012,0.56,"Australia","Criollo, Trinitario","Ghana"
3.25,2007,0.67,"France","Forastero","Belize"
3.5,2020,0.6,"U.S.A.","Trinitario, Forastero","Other"
2.75,2013,0.86,"Belgium","Forastero","Costa Rica"
3.25,2016,0.9,"France","Forastero","Papua New Guinea"
3.25,2019,0.62,"U.S.A.","Forastero","Colombia"
4.25,2020,0.82,"U.K.","Forastero","Venezuela"
3,2006,0.87,"Canada","Trinitario","Ecuador"
3.25,2017,0.79,"France","Criollo","Trinidad"
2.75,2013,0.85,"France","Forastero","Colombia"
3.25,2021,0.7,"Ecuador","Criollo, Trinitario","Colombia"
2.75,2011,0.55,"U.K.","Criollo","Dominican Republic"
3.25,2015,0.96,"U.S.A.","Criollo","Belize"
3.25,2010,0.88,"Other","Criollo","Dominican Republic"
3,2007,0.97,"Other","Trinitario","Bolivia"
2.75,2021,0.59,"Ecuador","Criollo","Ecuador"
3.5,2018,0.71,"U.K.","Forastero","Venezuela"
3,2019,0.6,"France","Forastero","Venezuela"
3.25,2020,0.69,"Other","Trinitario, Forastero","Other"
3.25,2018,0.71,"Ecuador","Trinitario","Dominican Republic"
2.75,2021,0.45,"U.S.A.","Trinitario","Other"
3.75,2016,0.71,"France","Criollo, Trinitario","Papua New Guinea"
2.75,2020,0.51,"Australia","Forastero","Peru"
3.5,2007,0.75,"U.S.A.","Trinitario","Other"
2.5,2007,0.96,"Other","Trinitario","Trinidad"
3.5,2010,0.76,"U.S.A.","Criollo, Trinitario","Other"
2.75,2012,0.9,"Other","Criollo","Belize"
3.5,2021,0.51,"Canada","Trinitario","Ghana"
3.5,2017,0.43,"Canada","Criollo","Madagascar"
3.25,2014,0.9,"U.S.A.","Trinitario","Papua New Guinea"
3,2012,0.92,"Guatemala","Trinitario","Nicaragua"
3,2008,0.54,"Canada","Trinitario","Ecuador"
2.75,2017,0.68,"Venezuela","Criollo, Trinitario","Vietnam"
2.75,2008,0.9,"Australia","Trinitario","Ghana"
3.25,2010,0.93,"Ecuador","Trinitario","Venezuela"
2.5,2006,0.91,"Colombia","Criollo","Costa Rica"
3,2011,0.6,"Venezuela","Trinitario","Nicaragua"
3.25,2011,0.54,"U.S.A.","Forastero","Nicaragua"
3,2018,0.61,"U.S.A.","Forastero","Ecuador"
3,2008,0.64,"U.S.A.","Forastero","Belize"
2.75,2017,0.92,"U.K.","Criollo","Other"
3.25,2016,0.5,"Colombia","Criollo","Dominican Republic"
3,2013,0.62,"Peru","Forastero","Venezuela"
3,2012,0.88,"U.S.A.","Trinitario","Costa Rica"
3.25,2018,0.93,"Germany","Criollo","Other"
2.5,2006,0.55,"Other","Forastero","Nicaragua"
3.5,2013,0.71,"Peru","Trinitario","Nicaragua"
3.5,2010,0.46,"U.K.","Criollo","Papua New Guinea"
3.25,2010,0.67,"France","Trinitario","Peru"
3,2006,0.74,"France","Criollo","Vietnam"
3.5,2012,0.82,"Australia","Criollo","Belize"
3.25,2016,0.53,"France","Trinitario","Bolivia"
2.5,2011,0.74,"U.S.A.","Blend","Colombia"
3.25,2014,0.87,"Madagascar","Trinitario","Ecuador"
3.5,2010,0.91,"Belgium","Criollo","Peru"
3.75,2021,0.64,"Italy","Trinitario","Other"
3.25,2010,0.66,"Ecuador","Trinitario","Madagascar"
3.5,2014,0.68,"U.K.","Trinitario","Trinidad"
3.25,2021,0.96,"U.K.","Criollo","Madagascar"
3.5,2020,0.46,"Switzerland","Criollo, Trinitario","Venezuela"
3.25,2020,0.78,"U.S.A.","Trinitario, Forastero","Nicaragua"
3.25,2017,0.94,"France","Trinitario","Other"
3.5,2013,0.8,"U.S.A.","Criollo","Other"
3,2019,0.97,"Germany","Forastero","Dominican Republic"
3.25,2021,0.88,"Venezuela","Forastero","Costa Rica"
3.25,2012,0.96,"U.K.","Trinitario","Bolivia"
3.25,2017,0.74,"U.S.A.","Forastero","Other"
2.5,2007,0.55,"U.K.","Forastero","Belize"
3,2006,0.61,"U.S.A.","Trinitario","Colombia"
3,2020,0.42,"France","Trinitario","Other"
2.75,2006,0.98,"U.S.A.","Forastero","Nicaragua"
3.25,2006,0.61,"France","Criollo, Trinitario","Peru"
2.25,2011,0.94,"Guatemala","Forastero","Dominican Republic"
3,2013,0.88,"U.S.A.","Forastero","Other"
2.75,2010,0.98,"Belgium","Forastero","Other"
3,2011,0.73,"Peru","Forastero","Nicaragua"
2.75,2017,0.92,"Venezuela","Criollo","Bolivia"
3.25,2018,0.6,"Canada","Trinitario, Forastero","Ghana"
2.5,2014,0.85,"Peru","Forastero","Colombia"
3.25,2011,0.55,"France","Forastero","Dominican Republic"
3.75,2021,0.64,"U.S.A.","Criollo","Bolivia"
3.25,2013,0.56,"Australia","Criollo, Trinitario","Nicaragua"
2.75,2008,0.57,"Australia","Trinitario","Nicaragua"
3.25,2016,0.91,"Switzerland","Forastero","Peru"
3.25,2006,0.73,"U.S.A.","Trinitario","Dominican Republic"
2.75,2011,0.49,"Canada","Trinitario","Peru"
3.25,2013,0.8,"U.S.A.","Trinitario","Trinidad"
3.75,2015,0.85,"Other","Trinitario","Ecuador"
3.25,2008,0.67,"U.S.A.","Trinitario","Peru"
3.25,2014,0.7,"Canada","Forastero","Vietnam"
3.75,2010,0.72,"U.S.A.","Forastero","Venezuela"
3.5,2021,0.57,"Colombia","Criollo","Dominican Republic"
3.25,2009,0.47,"Switzerland","Trinitario","Vietnam"
3.25,2018,0.93,"Other","Trinitario","Other"
3.25,2013,0.91,"Colombia","Criollo, Trinitario","Other"
2.75,2020,0.95,"Peru","Forastero","Dominican Republic"
4.25,2017,0.7,"Belgium","Trinitario","Peru"
3,2018,0.89,"Ecuador","Trinitario","Madagascar"
2.75,2007,0.65,"Venezuela","Trinitario","Dominican Republic"
2.5,2008,0.61,"France","Blend","Madagascar"
3,2015,0.47,"Ecuador","Forastero","Ecuador"
3,2018,0.92,"Belgium","Criollo, Trinitario","Colombia"
3.25,2018,0.55,"Guatemala","Criollo","Other"
3.75,2019,0.6,"Canada","Trinitario","Papua New Guinea"
3,2020,0.44,"Germany","Trinitario","Costa Rica"
3,2010,0.56,"France","Trinitario","Other"
3,2010,0.9,"Italy","Forastero","Peru"
3,2014,0.5,"Canada","Criollo","Dominican Republic"
3.5,2018,0.79,"Peru","Trinitario","Colombia"
2.5,2018,0.5,"Australia","Forastero","Vietnam"
2.25,2013,0.43,"Other","Forastero","Dominican Republic"
3.5,2018,0.78,"Venezuela","Trinitario","Colombia"
3,2016,0.93,"Italy","Forastero","Venezuela"
2.5,2008,0.68,"U.S.A.","Criollo","Trinidad"
3.25,2006,0.69,"Australia","Trinitario","Dominican Republic"
3.75,2019,0.51,"Colombia","Criollo","Madagascar"
3,2011,0.44,"Italy","Trinitario","Nicaragua"
3.75,2021,0.6,"France","Trinitario","Bolivia"
